<?xml version="1.0" encoding="utf-8"?>
<browserconfig>
    <msapplication>
        <tile>
            <square70x70logo src="icon-72x72.png"/>
            <square150x150logo src="icon-144x144.png"/>
            <square310x310logo src="icon-384x384.png"/>
            <wide310x150logo src="icon-384x384.png"/>
            <TileColor>#2563eb</TileColor>
        </tile>
        <notification>
            <polling-uri src=""/>
            <frequency>30</frequency>
            <cycle>1</cycle>
        </notification>
    </msapplication>
</browserconfig>
